{
    "Date": "2024-09-10",
    "JobRate": 0.02127659574468085,
    "Liberation_Rate": 0.0,
    "Sum_Level": 10351,
    "Sum_Combat": 354399443,
    "Avg_Level": 220.2340425531915,
    "Avg_Combat": 7540413.680851064
}