{
    "Date": "2024-09-09",
    "JobRate": 0.02127659574468085,
    "Liberation_Rate": 0.0,
    "Sum_Level": 10351,
    "Sum_Combat": 348928713,
    "Avg_Level": 220.2340425531915,
    "Avg_Combat": 7424015.170212766
}