{
    "Date": "2024-08-21",
    "JobRate": 0.02127659574468085,
    "Liberation_Rate": 1.0,
    "Sum_Level": 10327,
    "Sum_Combat": 320590568,
    "Avg_Level": 219.72340425531914,
    "Avg_Combat": 6821075.914893617
}