{
    "Date": "2024-07-10",
    "JobRate": 0.041666666666666664,
    "Liberation_Rate": 0.020833333333333332,
    "Sum_Level": 10548,
    "Sum_Combat": 233272119,
    "Avg_Level": 219.75,
    "Avg_Combat": 4859835.8125
}