{
    "Date": "2024-09-27",
    "JobRate": 0.02127659574468085,
    "Liberation_Rate": 0.0,
    "Sum_Level": 10366,
    "Sum_Combat": 369077701,
    "Avg_Level": 220.5531914893617,
    "Avg_Combat": 7852717.042553191
}