{
    "Date": "2024-07-09",
    "JobRate": 0.02127659574468085,
    "Liberation_Rate": 0.0,
    "Sum_Level": 10247,
    "Sum_Combat": 231181722,
    "Avg_Level": 218.0212765957447,
    "Avg_Combat": 4918760.042553191
}