{
    "Date": "2024-07-29",
    "JobRate": 0.02127659574468085,
    "Liberation_Rate": 0.0,
    "Sum_Level": 10293,
    "Sum_Combat": 286219347,
    "Avg_Level": 219.0,
    "Avg_Combat": 6089773.340425532
}