{
    "Date": "2024-12-03",
    "JobRate": 0.02127659574468085,
    "Liberation_Rate": 0.02127659574468085,
    "Sum_Level": 10415,
    "Sum_Combat": 458979465,
    "Avg_Level": 221.59574468085106,
    "Avg_Combat": 9765520.531914894
}