{
    "Date": "2024-07-11",
    "JobRate": 0.041666666666666664,
    "Liberation_Rate": 0.020833333333333332,
    "Sum_Level": 10552,
    "Sum_Combat": 233763301,
    "Avg_Level": 219.83333333333334,
    "Avg_Combat": 4870068.770833333
}