{
    "Date": "2024-07-27",
    "JobRate": 0.02127659574468085,
    "Liberation_Rate": 0.0,
    "Sum_Level": 10289,
    "Sum_Combat": 258672505,
    "Avg_Level": 218.91489361702128,
    "Avg_Combat": 5503670.319148936
}