{
    "Date": "2024-07-19",
    "JobRate": 0.02127659574468085,
    "Liberation_Rate": 0.0,
    "Sum_Level": 10262,
    "Sum_Combat": 250977721,
    "Avg_Level": 218.3404255319149,
    "Avg_Combat": 5339951.510638298
}