{
    "Date": "2024-07-14",
    "JobRate": 0.041666666666666664,
    "Liberation_Rate": 0.020833333333333332,
    "Sum_Level": 10556,
    "Sum_Combat": 236245414,
    "Avg_Level": 219.91666666666666,
    "Avg_Combat": 4921779.458333333
}