{
    "Date": "2024-07-09",
    "JobRate": 0.041666666666666664,
    "Liberation_Rate": 0.020833333333333332,
    "Sum_Level": 10547,
    "Sum_Combat": 231151857,
    "Avg_Level": 219.72916666666666,
    "Avg_Combat": 4815663.6875
}