{
    "Date": "2024-08-07",
    "JobRate": 0.02127659574468085,
    "Liberation_Rate": 1.0,
    "Sum_Level": 10307,
    "Sum_Combat": 313301367,
    "Avg_Level": 219.29787234042553,
    "Avg_Combat": 6665986.531914894
}