{
    "Date": "2024-09-25",
    "JobRate": 0.02127659574468085,
    "Liberation_Rate": 0.0,
    "Sum_Level": 10362,
    "Sum_Combat": 368060040,
    "Avg_Level": 220.46808510638297,
    "Avg_Combat": 7831064.680851064
}