{
    "Date": "2024-09-03",
    "JobRate": 0.02127659574468085,
    "Liberation_Rate": 0.0,
    "Sum_Level": 10345,
    "Sum_Combat": 322848780,
    "Avg_Level": 220.10638297872342,
    "Avg_Combat": 6869122.978723404
}