{
    "Date": "2024-09-02",
    "JobRate": 0.02127659574468085,
    "Liberation_Rate": 0.0,
    "Sum_Level": 10344,
    "Sum_Combat": 322610158,
    "Avg_Level": 220.08510638297872,
    "Avg_Combat": 6864045.914893617
}