{
    "Date": "2024-08-02",
    "JobRate": 0.02127659574468085,
    "Liberation_Rate": 1.0,
    "Sum_Level": 10300,
    "Sum_Combat": 294683129,
    "Avg_Level": 219.14893617021278,
    "Avg_Combat": 6269853.808510638
}