{
    "Date": "2024-10-14",
    "JobRate": 0.02127659574468085,
    "Liberation_Rate": 0.02127659574468085,
    "Sum_Level": 10388,
    "Sum_Combat": 431672923,
    "Avg_Level": 221.0212765957447,
    "Avg_Combat": 9184530.276595745
}