{
    "Date": "2024-09-08",
    "JobRate": 0.02127659574468085,
    "Liberation_Rate": 0.0,
    "Sum_Level": 10350,
    "Sum_Combat": 344016783,
    "Avg_Level": 220.2127659574468,
    "Avg_Combat": 7319506.021276596
}